,A,B,C,À˘ Ù¿‡±
0,0.678,0.642,0.0653,0
1,0.437,0.966,0.464,0
2,0.368,0.445,0.316,0
3,0.442,0.804,0.561,1
4,0.702,0.774,0.122,0
5,0.413,0.0193,0.285,2
6,0.12,0.972,0.361,1
7,0.852,0.514,0.203,0
8,0.875,0.659,0.908,3
9,0.242,0.96,0.188,0
10,0.291,0.521,0.557,1
11,0.3,0.877,0.903,1
12,0.859,0.907,0.593,0
13,0.274,0.495,0.946,1
14,0.435,0.756,0.0249,0
15,0.403,0.194,0.129,2
16,0.715,0.576,0.49,3
17,0.585,0.364,0.521,3
18,0.497,0.0442,0.104,2
19,0.531,0.352,0.848,3
20,0.545,0.218,0.277,2
21,0.565,0.81,0.498,0
22,0.546,0.000795,0.92,3
23,0.367,0.484,0.561,1
24,0.247,0.16,0.797,1
25,0.329,0.286,0.636,1
26,0.526,0.383,0.442,3
27,0.355,0.357,0.623,1
28,0.703,0.672,0.429,0
29,0.605,0.0735,0.0517,2
30,0.546,0.702,0.229,0
31,0.943,0.875,0.174,0
32,0.655,0.6,0.271,0
33,0.483,0.265,0.166,2
34,0.57,0.0468,0.564,3
35,0.707,0.261,0.93,3
36,0.667,0.802,0.666,3
37,0.364,0.221,0.475,2
38,0.923,0.867,0.413,0
39,0.241,0.65,0.838,1
40,0.343,0.646,0.878,1
41,0.0769,0.638,0.114,0
42,0.371,0.654,0.693,1
43,0.24,0.687,0.719,1
44,0,0.985,0.407,1
45,0.01,0.0175,0.499,2
46,0.693,0.245,0.561,3
47,0.628,0.485,0.232,0
48,0.159,0.952,0.547,1
49,0.857,0.637,0.625,3
50,0.139,0.412,0.97,1
51,0.645,0.779,0.239,0
52,0.0928,0.508,0.924,1
53,0.894,0.264,0.933,3
54,0.849,0.0745,0.735,3
55,0.684,0.426,0.0208,0
56,0.907,0.559,0.306,0
57,0.72,0.483,0.72,3
58,0.0897,0.422,0.833,1
59,0,0.94,0.129,0
60,0.915,0.525,0.857,3
61,0.977,0.153,0.331,3
62,0.226,0.306,0.469,2
63,0.977,0.504,0.391,3
64,0.703,0.301,0.614,3
65,0.311,0.793,0.275,0
66,0.517,0.421,0.788,3
67,0.545,0.936,0,0
68,0.496,0.197,0.787,3
69,0.091,0.329,0.197,2
70,0.331,0.0806,0.935,3
71,0.885,0.944,0.274,0
72,0.623,0.227,0.101,2
73,0.375,0.468,0.368,0
74,0.336,0.722,0,0
75,0.485,0.855,0.628,1
76,0.0743,0.509,0.0836,2
77,0,0.754,0.107,0
78,0.0102,0.714,0.358,1
79,0.133,0.226,0.879,1
80,0.233,0.815,0.249,0
81,0.487,0.741,0,0
82,0.625,0,0.426,3
83,0.846,0.209,0.183,3
84,0.96,0.342,0.057,0
85,0.554,0.675,0.584,3
86,0.319,0.907,0.163,0
87,0.979,0.112,0.71,3
88,0.0367,0,0.251,2
89,0.275,0.4,0.38,2
90,0.455,0.91,0.841,1
91,0,0.0494,0.923,1
92,0.617,0.389,0.873,3
93,0.796,0.0678,0.85,3
94,0.168,0.773,0.509,1
95,0.321,0.191,0.022,2
96,0.852,0.366,0.599,3
97,0.581,0.906,0.418,0
98,0.0501,0.971,0.495,1
99,0.78,0.782,0.202,0
100,0.217,0.447,0.402,1
101,0.468,0.682,0.578,1
102,0.938,0.325,0.944,3
103,0.466,0.486,0.789,1
104,0.665,0,0.641,3
105,0.264,0.361,0.928,1
106,0.921,0.335,0.144,0
107,0.872,0.568,0.72,3
108,0.987,0.165,0.654,3
109,0.619,0.607,0.497,3
110,0.125,0.348,0.174,2
111,0.898,0.0411,0.835,3
112,0.551,0.327,0.218,0
113,0.55,0.393,0.247,0
114,0.27,0,0.666,2
115,0.0253,0.638,0.615,1
116,0,0.628,0.931,1
117,0.176,0.22,0.688,1
118,0.344,0.00552,0.685,2
119,0.271,0.0834,0.783,1
120,0.658,0.526,0.0868,0
121,0.864,0.94,0.2,0
122,0.412,0.584,0.559,1
123,0.318,0.049,0.436,2
124,0,0.424,0.835,1
125,0.433,0.488,0.347,0
126,0.338,0.65,0.795,1
127,0.314,0.475,0.705,1
128,0.204,0,0.547,2
129,0.933,0.211,0.658,3
130,0.33,0.319,0.00202,2
131,0.733,0.279,0,0
132,0.52,0.475,0,0
133,0.322,0.206,0.02,2
134,0.677,0.891,0.646,0
135,0.082,0.846,0.952,1
136,0.365,0.858,0.153,0
137,0.886,0.727,0.317,0
138,0.187,0.775,0.874,1
139,0.941,0.744,0.958,3
140,0.718,0.0999,0.86,3
141,0.891,0.672,0.544,3
142,0.623,0.576,0.221,0
143,0.479,0.393,0.44,3
144,0.76,0.667,0.391,0
145,0.716,0.647,0.305,0
146,0.504,0.433,0.218,0
147,0.424,0.267,0.767,3
148,0.182,0.493,0.467,1
149,0.566,0.895,0.816,1
150,0.293,0.0435,0.295,2
151,0.25,0.654,0.95,1
152,0.0628,0.0226,0.0682,2
153,0.324,0.86,0.598,1
154,0.0337,0.607,0.578,1
155,0.49,0.0612,0.165,2
156,0.128,0.541,0.403,1
157,0.0231,0.805,0.0647,0
158,0.211,0.26,0.295,2
159,0.966,0.378,0.859,3
160,0.9,0.0736,0.611,3
161,0.583,0.695,0.968,3
162,0.231,0.616,0.63,1
163,0.485,0.942,0.16,0
164,0.121,0.763,0.24,0
165,0,0.537,0.16,2
166,0.305,0.119,0.43,2
167,0.754,0.626,0.805,3
168,0.911,0.341,0.399,3
169,0.761,0.692,0.818,3
170,0.695,0.907,0,0
171,0.663,0.322,0.922,3
172,0.604,0.792,0,0
173,0.0121,0.516,0.176,2
174,0.144,0.26,0,2
175,0.709,0.113,0,2
176,0.778,0.074,0.499,3
177,0.798,0,0.894,3
178,0.742,0.673,0.185,0
179,0.341,0.63,0.594,1
180,0.214,0,0.29,2
181,0.236,0.43,0.348,2
182,0.702,0.714,0.589,3
183,0,0.431,0.0868,2
184,0.0658,0.675,0.368,1
185,0.21,0.874,0.422,1
186,0.711,0.507,0.537,3
187,0.664,0.149,0.175,2
188,0.837,0.56,0.434,3
189,0.332,0.0257,0.527,2
190,0.2,0.329,0.522,1
191,0.16,0.194,0.723,1
192,0.724,0.238,0.972,3
193,0.0269,0,0.425,2
194,0.591,0.327,0.613,3
195,0.0925,0.789,0.795,1
196,0.704,0.695,0.425,0
197,0.201,0.84,0.93,1
198,0.219,0.0523,0.486,2
199,0.608,0.569,0.159,0
200,0.796,0.888,0.885,3
201,0.321,0.96,0.476,1
202,0.297,0.903,0.636,1
203,0.378,0.598,0,0
204,0.96,0.528,0.712,3
205,0.744,0.861,0.786,3
206,0.655,0.853,0.873,3
207,0.396,0.217,0.265,2
208,0.864,0,0.508,3
209,0.423,0.746,0.946,1
210,0.465,0.487,0.573,1
211,0.832,0.068,0.771,3
212,0.407,0,0.295,2
213,0.00132,0.551,0.274,1
214,0.12,0.0324,0.71,2
215,0.192,0,0.138,2
216,0.382,0.487,0.24,0
217,0.842,0.75,0.654,3
218,0.503,0.0518,0.777,3
219,0,0,0.694,2
220,0.561,0.312,0.413,3
221,0.0587,0.0741,0.164,2
222,0.186,0,0,2
223,0.509,0.401,0.000548,0
224,0.692,0.609,0,0
225,0.52,0,0.435,2
226,0.658,0.489,0.787,3
227,0.642,0.666,0.0538,0
228,0.161,0.268,0.0407,2
229,0.547,0.25,0,2
230,0.00459,0.374,0.348,2
231,0,0.383,0.245,2
232,0.235,0.786,0.476,1
233,0.615,0.405,0.34,0
234,0.653,0.921,0.264,0
235,0.499,0.917,0.018,0
236,0.39,0.458,0.478,1
237,0.144,0.462,0.00329,2
238,0.643,0.188,0.675,3
239,0.513,0.643,0.164,0
240,0.171,0.374,0.568,1
241,0.222,0.598,0.953,1
242,0.37,0.374,0.248,2
243,0.138,0.798,0.125,0
244,0.331,0.733,0.562,1
245,0.822,0.562,0.584,3
246,0.682,0.359,0.831,3
247,0.189,0.333,0.0888,2
248,0.735,0.0677,0.0892,2
249,0.743,0.369,0.909,3
250,0.331,0.982,0.281,0
251,0.109,0.81,0.00119,0
252,0.814,0.355,0.127,0
253,0.376,0.865,0.57,1
254,0.209,0.0316,0.406,2
255,0.958,0.43,0.821,3
256,0.661,0.628,0.973,3
257,0.814,0.366,0.459,3
258,0.0433,0.571,0,2
259,0.736,0.392,0.851,3
260,0.464,0.437,0.114,0
261,0.107,0.0315,0.665,2
262,0.577,0.747,0.173,0
263,0.499,0.00911,0.293,2
264,0.0608,0.704,0,0
265,0.656,0.536,0.95,3
266,0.806,0.703,0.812,3
267,0.891,0.126,0.356,3
268,0.595,0.344,0.851,3
269,0.176,0.245,0.761,1
270,0.96,0.653,0.801,3
271,0.397,0.0763,0,2
272,0.304,0.152,0.552,2
273,0.547,0.558,0.0391,0
274,0.474,0,0.617,3
275,0.548,0.412,0.17,0
276,0.452,0.484,0.165,0
277,0.249,0.486,0.406,1
278,0.0657,0.405,0.577,1
279,0.78,0,0.271,3
280,0.172,0,0,2
281,0.584,0.216,0.51,3
282,0.000139,0.276,0.705,1
283,0.0994,0.732,0.22,0
284,0.847,0.468,0.0173,0
285,0.306,0.0799,0.762,3
286,0.888,0.798,0.419,0
287,0.71,0.926,0.451,0
288,0.158,0.211,0.399,2
289,0.109,0.334,0.117,2
290,0.471,0.696,0.32,0
291,0.411,0.544,0.287,0
292,0.392,0.0253,0.221,2
293,0.428,0.232,0.612,3
294,0.15,0.235,0.354,2
295,0.374,0.585,0.875,1
296,0.324,0.191,0.233,2
297,0.684,0.101,0.625,3
298,0.554,0.734,0.64,1
299,0.245,0.697,0.799,1
300,0.405,0.201,0.739,3
301,0.499,0.934,0.867,1
302,0.0327,0.283,0.382,2
303,0.148,0.778,0.139,0
304,0.706,0.00453,0.331,3
305,0.902,0.0183,0.674,3
306,0.518,0.763,0.527,0
307,0.779,0.473,0.507,3
308,0.0987,0.447,0.158,2
309,0.444,0.768,0.743,1
310,0.539,0.346,0.377,3
311,0.866,0.608,0.141,0
312,0.181,0.858,0.203,0
313,0.78,0.388,0,0
314,0.771,0.859,0.325,0
315,0.354,0.894,0.44,0
316,0.436,0.119,0.358,2
317,0,0,0.143,2
318,0.0318,0.871,0.437,1
319,0.816,0.836,0.116,0
320,0.923,0.399,0.919,3
321,0,0.659,0,0
322,0.214,0.112,0.136,2
323,0.0998,0.608,0.512,1
324,0,0.604,0.656,1
325,0,0,0,2
326,0.269,0.235,0,2
327,0,0,0.651,2
328,0.0589,0.188,0,2
329,0.204,0,0.502,2
330,0.0444,0.0586,0,2
331,0.63,0.14,0.126,2
332,0.332,0.0772,0.607,2
333,0,0.896,0.297,1
334,0,0.326,0.937,1
335,0.866,0.717,0.484,3
336,0.34,0.605,0.527,1
337,0.841,0.449,0.436,3
338,0,0,0.761,2
339,0.59,0.176,0.948,3
340,0.811,0.434,0.184,0
341,0.801,0.217,0.909,3
342,0.446,0.134,0.0352,2
343,0.0494,0.778,0.16,0
344,0.974,0.264,0.329,3
345,0.176,0.409,0.0533,2
346,0.793,0.337,0.293,3
347,0.731,0.135,0.264,3
348,0.371,0.552,0.599,1
349,0.96,0.687,0.0487,0
350,0.922,0.794,0.467,0
351,0.784,0.725,0.656,3
352,0.31,0.892,0.677,1
353,0.74,0.777,0.237,0
354,0.925,0.583,0.782,3
355,0.574,0.0751,0.815,3
356,0.714,0.545,0.472,3
357,0.691,0.18,0.874,3
358,0.0599,0.603,0.501,1
359,0.608,0.506,0.764,3
360,0.846,0.587,0.679,3
361,0.0445,0.0782,0.375,2
362,0.759,0.511,0.222,0
363,0.769,0.779,0.773,3
364,0.383,0.249,0.00553,2
365,0,0.00793,0.551,2
366,0.179,0.911,0.278,0
367,0.259,0.812,0.267,0
368,0.763,0.169,0.617,3
369,0.917,0.319,0.608,3
370,0.0587,0.687,0.587,1
371,0.134,0.552,0.79,1
372,0,0.171,0.0572,2
373,0,0.172,0.372,2
374,0.062,0.831,0.915,1
375,0.585,0.582,0.467,0
376,0.677,0.0894,0.334,3
377,0.608,0,0,2
378,0.0676,0.488,0,2
379,0,0.13,0,2
380,0.479,0,0.393,2
381,0,0.0956,0,2
382,0.0565,0.632,0.102,0
383,0,0.347,0.127,2
384,0.227,0.482,0.398,1
385,0.114,0.475,0.23,2
386,0.155,0.502,0.167,2
387,0.582,0.367,0.349,3
388,0,0.474,0.894,1
389,0.684,0.848,0.756,3
390,0.617,0.45,0.967,3
391,0.202,0.937,0.697,1
392,0.21,0.4,0.758,1
393,0.448,0.304,0.479,3
394,0.931,0.42,0.0509,0
395,0.426,0.208,0.432,2
396,0.171,0.924,0.926,1
397,0.408,0.745,0.0813,0
398,0.678,0.554,0.0719,0
399,0.448,0.0872,0.0593,2
400,0.15,0.257,0.546,1
401,0.422,0.138,0.522,2
402,0.151,0.987,0.0768,0
403,0.899,0.9,0.417,0
404,0.823,0.376,0.838,3
405,0.577,0.0476,0.454,3
406,0.924,0.898,0.498,0
407,0.129,0.00953,0.578,2
408,0.399,0.885,0.106,0
409,0.882,0.251,0.064,0
410,0.697,0.973,0.236,0
411,0.351,0.783,0.873,1
412,0.843,0.174,0.87,3
413,0,0,0,2
414,0.648,0.0147,0.724,3
415,0.243,0.604,0.222,0
416,0.512,0,0.285,2
417,0.556,0.674,0.293,0
418,0.112,0.33,0.443,2
419,0.0558,0.707,0.694,1
420,0.315,0.778,0.753,1
421,0,0,0.0364,2
422,0.527,0.177,0.175,2
423,0.478,0.713,0,0
424,0,0.452,0.144,2
425,0.305,0,0,2
426,0.626,0.29,0.181,0
427,0,0.0136,0.128,2
428,0.229,0.428,0.44,1
429,0.0802,0.436,0.144,2
430,0,0.253,0.308,2
431,0,0.0284,0.586,2
432,0.217,0.31,0.561,1
433,0,0,0.246,2
434,0.459,0.132,0,2
435,0.453,0.196,0.0154,2
436,0.867,0.336,0.79,3
437,0.296,0.282,0.603,1
438,0.682,0.64,0.154,0
439,0.252,0.604,0.597,1
440,0.444,0.696,0.305,0
441,0.878,0.567,0.683,3
442,0.0275,0.78,0.779,1
443,0.0885,0.924,0.629,1
444,0.417,0.0703,0.249,2
445,0.678,0.553,0.772,3
446,0.0112,0.775,0.347,1
447,0.753,0.438,0.71,3
448,0.786,0.641,0.974,3
449,0.541,0.212,0.251,2
450,0.504,0.239,0.536,3
451,0.491,0.0414,0.899,3
452,0.156,0.806,0.407,1
453,0.88,0.501,0.0917,0
454,0.832,0.0866,0.286,3
455,0.503,0.865,0.0247,0
456,0.819,0.663,0.822,3
457,0.736,0.37,0.47,3
458,0.811,0.249,0.221,3
459,0.464,0.204,0.657,3
460,0.459,0.807,0.409,0
461,0.857,0.523,0.121,0
462,0.406,0.522,0.182,0
463,0.291,0,0,2
464,0.105,0.0539,0.321,2
465,0.221,0.347,0.299,2
466,0.846,0.202,0.8,3
467,0.391,0.0831,0,2
468,0,0.494,0.516,1
469,0.427,0.186,0.725,3
470,0.885,0.525,0.434,3
471,0.508,0,0,2
472,0.532,0.583,0.232,0
473,0.708,0.641,0.737,3
474,0.865,0.141,0.267,3
475,0.76,0,0.621,3
476,0.364,0.667,0.623,1
477,0.209,0.386,0.356,2
478,0.265,0.176,0,2
479,0.281,0.0172,0,2
480,0.0615,0.918,0.355,1
481,0.619,0.212,0.0912,2
482,0.409,0.504,0.0121,0
483,0.545,0,0,2
484,0.406,0.746,0,0
485,0.0707,0,0.675,2
486,0.34,0,0.834,3
487,0.672,0.745,0.489,0
488,0.533,0.655,0.566,1
489,0.114,0.931,0.752,1
490,0.203,0.483,0.207,2
491,0.529,0,0.131,2
492,0.517,0.974,0.208,0
493,0.842,0.543,0.435,3
494,0.775,0.864,0.929,3
495,0.0707,0.839,0.47,1
496,0.0266,0.619,0.0311,2
497,0.738,0.792,0.891,3
498,0.24,0.789,0.122,0
499,0.789,0.913,0.616,0
500,0.77,0.713,0.711,3
501,0.448,0.11,0.921,3
502,0.397,0.563,0.543,1
503,0.874,0.264,0.369,3
504,0.185,0.768,0.322,1
505,0.859,0.94,0.0638,0
506,0.251,0.743,0.0726,0
507,0.771,0.461,0.304,0
508,0.922,0.21,0.562,3
509,0.562,0.956,0.147,0
510,0,0.0511,0.622,2
511,0.507,0,0.65,3
512,0.616,0.0451,0.565,3
513,0.765,0.253,0.125,0
514,0.688,0.306,0.663,3
515,0.086,0.256,0.0727,2
516,0.482,0,0.324,2
517,0.173,0.256,0.7,1
518,0.413,0.814,0.0971,0
519,0.737,0.583,0.561,3
520,0.475,0.0121,0.558,3
521,0,0,0.0816,2
522,0,0.365,0.105,2
523,0.156,0.248,0.48,2
524,0.465,0.0362,0.468,2
525,0.701,0,0,2
526,0.321,0,0.0557,2
527,0.0425,0.548,0.896,1
528,0.283,0.96,0.103,0
529,0.23,0.251,0.00336,2
530,0.174,0.421,0.878,1
531,0.0395,0.64,0.132,0
532,0,0.53,0.458,1
533,0,0.0139,0,2
534,0.0861,0.652,0.254,1
535,0.347,0.466,0.0515,0
536,0.718,0.569,0.129,0
537,0.321,0.626,0.74,1
538,0.887,0.528,0.792,3
539,0.503,0.0547,0.119,2
540,0.91,0.738,0.108,0
541,0.67,0.972,0.214,0
542,0.527,0.589,0.347,0
543,0.542,0.426,0.165,0
544,0.289,0.659,0.0632,0
545,0.66,0.176,0.344,3
546,0.683,0.248,0.214,3
547,0.219,0.839,0,0
548,0.803,0.977,0.102,0
549,0.617,0.587,0.85,3
550,0.848,0.649,0.384,0
551,0.569,0.581,0.495,3
552,0.143,0.322,0.422,2
553,0.494,0.336,0.719,3
554,0.0537,0.07,0.456,2
555,0.568,0.311,0.145,0
556,0.919,0.0356,0.666,3
557,0.0912,0.106,0.0558,2
558,0.0876,0.353,0.181,2
559,0.287,0.697,0.598,1
560,0.617,0.0849,0.553,3
561,0.956,0.356,0.415,3
562,0.192,0.821,0.0994,0
563,0.906,0.097,0.54,3
564,0.656,0.414,0.909,3
565,0.548,0.286,0.689,3
566,0.539,0,0,2
567,0.34,0,0.0365,2
568,0,0.718,0,0
569,0,0,0.411,2
570,0.46,0,0.305,2
571,0.114,0.0483,0.431,2
572,0,0.0272,0,2
573,0.196,0,0.589,2
574,0,0.8,0.198,1
575,0.244,0.246,0.332,2
576,0.666,0.0114,0,2
577,0.698,0.669,0.292,0
578,0.111,0.434,0,2
579,0,0.269,0,2
580,0.179,0,0,2
581,0.036,0,0.271,2
582,0,0.243,0,2
583,0.198,0,0.24,2
584,0.584,0.426,0.331,0
585,0,0.076,0.581,2
586,0.204,0.272,0.67,1
587,0.656,0.638,0.709,3
588,0.678,0.502,0.589,3
589,0.504,0.939,0.733,1
590,0.694,0.0729,0,2
591,0.577,0.585,0.882,3
592,0.952,0.0545,0.612,3
593,0.136,0.947,0.139,0
594,0,0.109,0.108,2
595,0.681,0.791,0.136,0
596,0.127,0.0576,0.532,2
597,0.142,0.0465,0.191,2
598,0.141,0.92,0.803,1
599,0.885,0.0621,0.132,3
600,0.136,0.55,0.199,2
601,0.711,0.302,0.676,3
602,0.608,0.366,0.609,3
603,0.111,0.942,0.973,1
604,0.434,0.591,0.361,0
605,0.846,0.699,0.015,0
606,0.314,0.494,0.901,1
607,0.434,0.432,0.555,1
608,0.304,0.585,0.546,1
609,0.207,0.701,0.754,1
610,0.324,0.102,0.133,2
611,0,0.345,0,2
612,0,0.636,0,2
613,0.757,0.453,0.514,3
614,0.0214,0.0394,0.0749,2
615,0.551,0.118,0.219,2
616,0.0836,0.595,0,0
617,0.359,0.0918,0.0378,2
618,0,0,0.338,2
619,0,0.127,0.222,2
620,0,0.488,0.586,1
621,0,0.203,0,2
622,0.0297,0,0.0894,2
623,0.339,0.00182,0,2
624,0,0.593,0.364,1
625,0.212,0.135,0.0504,2
626,0.0899,0.369,0,2
627,0.085,0.604,0.579,1
628,0,0,0.318,2
629,0.519,0.254,0.514,3
630,0,0,0.559,2
631,0,0,0,2
632,0,0.629,0.118,2
633,0,0,0.256,2
634,0,0.714,0.246,1
635,0,0,0,2
636,0.162,0.296,0.693,1
637,0.751,0.383,0.0699,0
638,0.188,0.668,0.177,0
639,0.812,0.9,0.862,3
640,0.0527,0.78,0.396,1
641,0.03,0.765,0.619,1
642,0.548,0.899,0.159,0
643,0.769,0.261,0.661,3
644,0.223,0.505,0.265,2
645,0.274,0.966,0.1,0
646,0.926,0.677,0.0875,0
647,0.27,0.0188,0.91,1
648,0.716,0.17,0.456,3
649,0.459,0.929,0.283,0
650,0.292,0.137,0.0378,2
651,0.522,0.955,0.582,0
652,0.416,0.225,0.688,3
653,0.123,0.783,0.219,0
654,0.41,0.643,0.462,1
655,0.76,0.93,0.218,0
656,0.65,0.318,0.774,3
657,0.372,0.687,0.899,1
658,0.026,0.0128,0.582,2
659,0.897,0.0698,0.353,3
660,0.432,0.455,0.286,0
661,0.858,0.0625,0.228,3
662,0.712,0.86,0.133,0
663,0.47,0.849,0.574,1
664,0.449,0.00499,0.446,2
665,0.121,0.719,0.0393,0
666,0.144,0.092,0.433,2
667,0.249,0.388,0.0129,2
668,0.393,0.0774,0.429,2
669,0.558,0.675,0.549,0
670,0,0,0.331,2
671,0.184,0,0.483,2
672,0,0,0,2
673,0.296,0,0,2
674,0.112,0.592,0,0
675,0,0.845,0.508,1
676,0.0113,0,0.679,2
677,0.922,0.888,0.399,0
678,0.332,0.793,0.685,1
679,0.78,0.0987,0.261,3
680,0,0,0,2
681,0.129,0.0264,0.217,2
682,0.346,0.608,0.315,0
683,0.0154,0,0.218,2
684,0.689,0.253,0.125,0
685,0.721,0.547,0.312,0
686,0.488,0.562,0.716,1
687,0.469,0.0591,0.0345,2
688,0.886,0.218,0.325,3
689,0.394,0.474,0.0503,0
690,0.261,0.562,0.136,0
691,0.259,0.931,0.76,1
692,0.762,0.895,0.774,3
693,0.417,0.062,0.628,3
694,0.944,0.463,0.771,3
695,0.456,0.531,0.737,1
696,0.908,0.467,0.114,0
697,0.854,0.364,0.441,3
698,0.564,0.487,0.493,3
699,0.677,0.152,0.03,2
700,0.414,0.179,0.368,2
701,0.0852,0.446,0.692,1
702,0.519,0.234,0.0976,2
703,0.637,0.196,0.733,3
704,0.0363,0.936,0.9,1
705,0.243,0.64,0.67,1
706,0.536,0.777,0.273,0
707,0.715,0.0982,0.337,3
708,0,0.564,0.113,2
709,0.752,0.211,0.0111,0
710,0.693,0.269,0,0
711,0.82,0.593,0,0
712,0.485,0.246,0.717,3
713,0.142,0,0,2
714,0.803,0.545,0.202,0
715,0.612,0.798,0,0
716,0.818,0.566,0.723,3
717,0,0.094,0.664,2
718,0.0118,0,0.383,2
719,0.672,0.259,0.305,3
720,0.496,0.578,0.153,0
721,0.685,0,0.0616,2
722,0.105,0.696,0,0
723,0.195,0.162,0.278,2
724,0.376,0.26,0.518,2
725,0,0,0.284,2
726,0.43,0,0,2
727,0,0.361,0.28,2
728,0.442,0,0.483,2
729,0,0.0311,0,2
730,0,0,0.433,2
731,0.2,0.764,0.684,1
732,0.456,0.518,0,0
733,0,0,0,2
734,0.32,0.412,0.675,1
735,0.172,0,0,2
736,0.591,0.215,0.218,2
737,0.325,0.354,0.00564,2
738,0.437,0.773,0.692,1
739,0.736,0,0.587,3
740,0.771,0.0198,0.021,2
741,0.293,0.76,0.678,1
742,0.843,0.623,0.107,0
743,0.356,0.238,0.172,2
744,0.532,0.923,0.948,1
745,0.508,0,0.28,2
746,0,0.0957,0.928,1
747,0.217,0.55,0.915,1
748,0.539,0.302,0.459,3
749,0.3,0.901,0.167,0
750,0.745,0.6,0.91,3
751,0.351,0.772,0.387,0
752,0.00824,0.447,0.42,1
753,0.858,0,0.0136,2
754,0.506,0.411,0.2,0
755,0.295,0.179,0.633,1
756,0.168,0.00495,0.415,2
757,0.102,0.647,0.26,1
758,0.418,0.576,0.417,0
759,0.535,0.0207,0.0753,2
760,0,0.148,0.238,2
761,0.0757,0.262,0,2
762,0.027,0.679,0.803,1
763,0.415,0.776,0.564,1
764,0.774,0.683,0,0
765,0.546,0.188,0.188,2
766,0.0669,0.127,0.566,2
767,0.0885,0.0254,0.396,2
768,0.407,0.0956,0.343,2
769,0.296,0,0,2
770,0,0.448,0.521,1
771,0.192,0.354,0,2
772,0,0,0.333,2
773,0.092,0.566,0,2
774,0,0.509,0,2
775,0.543,0.598,0.238,0
776,0.721,0.0617,0.179,2
777,0.683,0,0,2
778,0,0,0.172,2
779,0,0.2,0.245,2
780,0.11,0,0.476,2
781,0,0,0.442,2
782,0.414,0,0.186,2
783,0,0,0.0194,2
784,0.504,0.426,0.77,3
785,0,0,0,2
786,0.714,0.0941,0.429,3
787,0.248,0.0634,0.414,2
788,0.277,0.246,0.252,2
789,0.0949,0.511,0.0321,2
790,0.681,0.338,0.0957,0
791,0.683,0.0719,0,2
792,0.495,0.355,0.622,3
793,0.132,0.467,0.41,1
794,0.162,0.675,0.161,0
795,0.783,0.863,0.452,0
796,0.714,0.382,0.473,3
797,0.515,0.289,0.296,2
798,0.842,0.296,0.706,3
799,0.264,0.483,0.84,1
800,0.979,0.424,0.75,3
801,0.554,0.57,0.792,3
802,0.772,0.154,0.354,3
803,0.759,0.859,0.72,3
804,0,0.256,0.174,2
805,0.724,0,0.513,3
806,0.656,0.728,0.866,3
807,0.719,0.562,0.539,3
808,0.459,0.338,0.968,3
809,0.769,0.0293,0.321,3
810,0.835,0,0.184,3
811,0.003,0.0627,0.481,2
812,0.803,0.918,0.133,0
813,0.0759,0.149,0.27,2
814,0.483,0.694,0.697,1
815,0,0.0757,0.0127,2
816,0.753,0.347,0.448,3
817,0.724,0,0.614,3
818,0.348,0.49,0.505,1
819,0,0.426,0.499,1
820,0.578,0.598,0,0
821,0.403,0.403,0,0
822,0,0.0454,0.254,2
823,0.306,0.0626,0.618,2
824,0.419,0.466,0,0
825,0.92,0.455,0.229,0
826,0.348,0.275,0.343,2
827,0,0.282,0,2
828,0,0,0.293,2
829,0.219,0,0.644,2
830,0,0,0.561,2
831,0.243,0,0.138,2
832,0.124,0,0.499,2
833,0,0.473,0,2
834,0.447,0.601,0.776,1
835,0.0587,0,0,2
836,0.133,0,0.385,2
837,0.229,0.00576,0.153,2
838,0,0,0,2
839,0.213,0.119,0.869,1
840,0,0.734,0.779,1
841,0.656,0.0532,0.91,3
842,0.256,0.527,0.0736,0
843,0.312,0.107,0.137,2
844,0.843,0.21,0.33,3
845,0.598,0.768,0.359,0
846,0.304,0.206,0.202,2
847,0,0.304,0.861,1
848,0.0731,0,0.319,2
849,0.632,0.299,0.87,3
850,0.821,0.649,0.84,3
851,0.654,0.0518,0.753,3
852,0.553,0.404,0.622,3
853,0.222,0.72,0.773,1
854,0.468,0.464,0.749,3
855,0.0137,0,0.746,2
856,0.546,0.888,0,0
857,0.851,0.94,0.576,0
858,0.927,0.817,0.675,3
859,0.00362,0.656,0,0
860,0.356,0.592,0.429,1
861,0.697,0.367,0.293,3
862,0.601,0.252,0.109,2
863,0.374,0.395,0.492,1
864,0.0626,0,0.617,2
865,0.765,0.673,0.481,3
866,0.238,0.511,0.531,1
867,0.771,0.515,0.17,0
868,0.173,0.633,0.796,1
869,0.608,0.617,0.439,0
870,0.235,0,0.625,2
871,0.165,0.553,0.213,2
872,0,0,0.633,2
873,0.359,0.847,0.396,0
874,0.733,0.64,0.129,0
875,0.977,0.286,0.237,3
876,0.422,0.203,0.521,3
877,0.731,0.0779,0,2
878,0.659,0.129,0.438,3
879,0.246,0.553,0.0026,0
880,0.393,0.234,0.0351,2
881,0,0,0.562,2
882,0.166,0.29,0,2
883,0.154,0.489,0,2
884,0,0.695,0,0
885,0,0.531,0.534,1
886,0.561,0.136,0.663,3
887,0.368,0.501,0.673,1
888,0.356,0.348,0.205,2
889,0.0707,0,0.168,2
890,0,0.481,0.0747,2
891,0,0,0.547,2
892,0.473,0.51,0.772,1
893,0.517,0.211,0.684,3
894,0.218,0.865,0.394,1
895,0.0105,0.52,0.816,1
896,0,0.11,0.926,1
897,0.206,0.254,0.241,2
898,0.126,0.258,0,2
899,0.973,0.321,0.0849,0
900,0,0,0.224,2
901,0.491,0.773,0.0851,0
902,0.399,0.365,0.165,2
903,0.128,0.746,0,0
904,0,0,0.851,1
905,0.468,0.354,0.482,3
906,0.778,0.74,0.0718,0
907,0.716,0.00626,0.741,3
908,0.479,0.903,0.00802,0
909,0.806,0.879,0.638,3
910,0.704,0.557,0.555,3
911,0.46,0.719,0.249,0
912,0.2,0.443,0.87,1
913,0.165,0.897,0.132,0
914,0.61,0.406,0,0
915,0.0265,0.738,0.488,1
916,0.503,0,0.37,2
917,0.52,0.584,0.453,0
918,0.559,0.869,0.206,0
919,0.0195,0,0.182,2
920,0.611,0.0853,0.228,2
921,0,0.623,0.213,1
922,0.395,0.69,0,0
923,0,0.362,0.00526,2
924,0.427,0.555,0.303,0
925,0.657,0.312,0.16,0
926,0.501,0.591,0.582,1
927,0,0.275,0.22,2
928,0.423,0,0.772,3
929,0.26,0.656,0.463,1
930,0,0.213,0,2
931,0,0.286,0,2
932,0.0265,0,0,2
933,0.219,0,0,2
934,0.407,0.584,0.201,0
935,0.117,0.245,0,2
936,0.184,0.389,0.573,1
937,0.19,0.375,0.763,1
938,0.47,0.522,0.122,0
939,0.103,0.657,0.214,0
940,0.0762,0.731,0.3,1
941,0.0646,0.357,0.465,1
942,0.655,0.456,0.342,0
943,0.188,0.706,0.97,1
944,0.0749,0.366,0.0215,2
945,0.327,0.443,0.74,1
946,0.478,0.185,0.89,3
947,0.2,0.567,0.936,1
948,0.88,0.709,0.569,3
949,0.139,0.823,0.359,1
950,0.87,0.197,0.91,3
951,0.167,0.787,0.614,1
952,0.152,0.473,0.421,1
953,0.408,0.159,0.66,3
954,0.152,0.657,0.658,1
955,0.745,0.0163,0.307,3
956,0.969,0.46,0.766,3
957,0.392,0.504,0.801,1
958,0.861,0.123,0.239,3
959,0.826,0.899,0.82,3
960,0.293,0.642,0.07,0
961,0.0999,0.743,0.25,1
962,0.545,0.456,0.53,3
963,0.339,0.0789,0.384,2
964,0,0.474,0.685,1
965,0,0.546,0.236,2
966,0.667,0.263,0,0
967,0.386,0.58,0,0
968,0,0,0,2
969,0.678,0.315,0,0
970,0.498,0,0,2
971,0,0.00558,0,2
972,0.202,0.00456,0.57,2
973,0.646,0,0,2
974,0.294,0,0.342,2
975,0.81,0.256,0.285,3
976,0.488,0.624,0.38,0
977,0.428,0.789,0.176,0
978,0.373,0.712,0.528,1
979,0.384,0.276,0.492,2
980,0,0,0.443,2
981,0.0612,0.148,0.325,2
982,0.72,0,0.251,2
983,0.414,0.186,0.478,2
984,0,0,0.687,2
985,0.074,0,0.139,2
986,0.112,0.752,0.284,1
987,0,0.264,0.0195,2
988,0.575,0.272,0.621,3
989,0.278,0.904,0.742,1
990,0.0744,0.699,0.947,1
991,0.773,0.513,0.0556,0
992,0.169,0.102,0.765,1
993,0.602,0.225,0.389,3
994,0.551,0.877,0.204,0
995,0.583,0.329,0.617,3
996,0.143,0.502,0,2
997,0.764,0.648,0.891,3
998,0.189,0.44,0.942,1
999,0.322,0.456,0.0558,0
1000,0.257,0.281,0.868,1
1001,0.443,0.782,0.787,1
1002,0.322,0.385,0.508,1
1003,0.0889,0.383,0.547,1
1004,0.432,0.817,0.358,0
1005,0.535,0.311,0.51,3
1006,0.305,0.157,0.749,1
1007,0.707,0.659,0.702,3
1008,0.526,0.942,0.345,0
1009,0.408,0.102,0.057,2
1010,0.0879,0.133,0.888,1
1011,0.879,0.76,0.141,0
1012,0.0965,0.267,0.815,1
1013,0.359,0.181,0.0708,2
1014,0.523,0.759,0.389,0
1015,0.277,0.145,0.468,2
1016,0.555,0.663,0.835,3
1017,0,0.239,0.657,1
1018,0.133,0.796,0.226,0
1019,0.43,0.344,0,2
1020,0.0215,0,0.74,2
1021,0.509,0.0919,0.392,2
1022,0.345,0.286,0.131,2
1023,0.0257,0.434,0.129,2
1024,0.527,0,0,2
1025,0.128,0.542,0.229,2
1026,0,0.324,0,2
1027,0.288,0,0,2
1028,0.59,0.36,0.0856,0
1029,0.412,0,0.462,2
1030,0,0,0,2
1031,0,0,0.369,2
1032,0.198,0,0,2
1033,4.36E-06,0,2.73E-06,2
1034,0.419,0.442,0.294,0
1035,0.231,0,0.154,2
1036,0,0.309,0.444,2
1037,0.158,0,0.484,2
1038,0.412,0.491,0,0
1039,0.143,0.373,0.858,1
1040,0.131,0.677,0.0187,0
1041,0.67,0.637,0.709,3
1042,0.846,0.742,0.604,3
1043,0.0111,0.0998,0,2
1044,0.687,0.0239,0.747,3
1045,0.462,0,0.393,2
1046,0.12,0.319,0.536,1
1047,0.0362,0.29,0.615,1
1048,0.982,0.767,0.104,0
1049,0.303,0.953,0.107,0
1050,0.894,0.934,0.383,0
1051,0.81,0.903,0.601,0
1052,0.281,0.64,0.337,0
1053,0.964,0.692,0.547,3
1054,0.116,0.544,0.406,1
1055,0,0.797,0.953,1
1056,0.131,0.183,0.34,2
1057,0.423,0.0312,0.0321,2
1058,0.958,0.051,0.513,3
1059,0.00997,0.28,0.472,2
1060,0.167,0.557,0.261,1
1061,0.586,0.914,0.0897,0
1062,0.68,0.274,0.689,3
1063,0.744,0.0622,0,2
1064,0.571,0.705,0.383,0
1065,0.843,0.205,0.068,0
1066,0,0,0.224,2
1067,0.444,0.759,0.121,0
1068,0,0.161,0.244,2
1069,0.285,0,0,2
1070,0.119,0,0,2
1071,0.0498,0,0.116,2
1072,0,0.638,0.217,1
1073,0.442,0.412,0.334,0
1074,0,0.598,0.567,1
1075,0.559,0.317,0.354,3
1076,0.193,0.193,0.449,2
1077,0.222,0,0.326,2
1078,0,0.413,0.196,2
1079,0.746,0.696,0.0601,0
1080,0,0.0676,0,2
1081,0.327,0.498,0,0
1082,0.121,0.119,0.447,2
1083,0.461,0.596,0,0
1084,0.841,0.489,0.139,0
1085,0.862,0.627,0.677,3
1086,0.133,0.656,0.764,1
1087,0.106,0.798,0.374,1
1088,0.771,0.582,0.437,3
1089,0,0.0565,0.47,2
1090,0.469,0.783,0.632,1
1091,0.213,0.763,0.384,1
1092,0.251,0.194,0.758,1
1093,0.181,0.406,0.53,1
1094,0.0108,0.809,0.777,1
1095,0.874,0.00458,0.425,3
1096,0.895,0.0812,0.96,3
1097,0.852,0.919,0.172,0
1098,0.528,0.2,0.409,3
1099,0.078,0.304,0.76,1
1100,0.832,0.261,0.694,3
1101,0.414,0.102,0.143,2
1102,0.122,0.651,0.349,1
1103,0.688,0.84,0.484,0
1104,0.438,0.799,0.55,1
1105,0.223,0.812,0.164,0
1106,0.0912,0.309,0.409,2
1107,0.202,0,0.831,1
1108,0.606,0.376,0.355,3
1109,0.574,0.0937,0.188,2
1110,0.0303,0.708,0.2,1
1111,0.613,0.527,0.42,0
1112,0,0,0.458,2
1113,0.0638,0.84,0.217,0
1114,0,0.499,0.328,1
1115,0.785,0.203,0.733,3
1116,0,0,0.444,2
1117,0.498,0.395,0.627,3
1118,0.754,0.571,0.306,0
1119,0.316,0.589,0.21,0
1120,0.389,0.666,0.7,1
1121,0.384,0.593,0,0
1122,0.425,0.436,0,0
1123,0,0,0,2
1124,0,0.246,0,2
1125,0.17,0.622,0,0
1126,7.45E-06,4.65E-06,5.84E-06,2
1127,0,0,0.0865,2
1128,0.398,0.29,0.302,2
1129,0.432,0,0.365,2
1130,0,0.516,0.383,1
1131,0.409,0,0,2
1132,0.123,0.395,0,2
1133,0,0.081,0.224,2
1134,0.033,0.497,0,2
1135,0.884,0.584,0.0232,0
1136,0.564,0.531,0.186,0
1137,0.432,0.568,0.595,1
1138,0.5,0.856,0.0787,0
1139,0.763,0.34,0.616,3
1140,0.502,0.976,0.0702,0
1141,0.114,0.485,0.979,1
1142,0.262,0.666,0.444,1
1143,0.709,0.46,0.118,0
1144,0.315,0.954,0.937,1
1145,0.571,0.949,0.75,1
1146,0.28,0.939,0.816,1
1147,0.417,0.482,0.0256,0
1148,0.00637,0.596,0.774,1
1149,0.0864,0.174,0.503,2
1150,0.378,0.919,0.12,0
1151,0.0922,0.723,0.897,1
1152,0.86,0.2,0.873,3
1153,0,0,0,2
1154,0.659,0.928,0.13,0
1155,0.666,0.717,0.142,0
1156,0.486,0.65,0.456,0
1157,0.308,0.476,0.561,1
1158,0.416,0.765,0.815,1
1159,0.166,0.969,0.646,1
1160,0.88,0.604,0.69,3
1161,0.665,0.372,0.704,3
1162,0.845,0.262,0.683,3
1163,0,0.395,0.0722,2
1164,0.798,0.226,0.637,3
1165,0.267,0.316,0.148,2
1166,0.596,0.136,0.192,2
1167,0.787,0.767,0.377,0
1168,0.147,0.032,0.587,2
1169,0.76,0.283,0.53,3
1170,0.465,0.037,0.855,3
1171,0.0359,0.412,0.702,1
1172,0.292,0.403,0.371,2
1173,0.223,0.397,0.629,1
1174,0,0,0.544,2
1175,0.103,0.724,0.189,0
1176,0.485,0.0175,0,2
1177,0,0,0.474,2
1178,0.179,0.206,0.178,2
1179,0,0,0,2
1180,0.00773,0.12,0,2
1181,0.448,0.444,0,0
1182,0.307,0,0.229,2
1183,2.44E-05,0.041,2.03E-05,2
1184,0.0953,0,0.0187,2
1185,0,0,0.482,2
1186,0.959,0.551,0.618,3
1187,0.492,0.376,0.0353,0
1188,0.455,0.033,0,2
1189,0.737,0.517,0.847,3
1190,0.637,0.826,0.652,3
1191,0.352,0.834,0.0786,0
1192,0.335,0.493,0.867,1
1193,0.862,0.397,0.0914,0
1194,0.916,0.000876,0.764,3
1195,0.561,0.452,0.385,0
1196,0.508,0.62,0.65,1
1197,0.525,0.399,0.844,3
1198,0.873,0.916,0.0484,0
1199,0.75,0,0.558,3
1200,0.724,0.631,0.633,3
1201,0.751,0.473,0,0
1202,0.758,0.448,0.309,0
1203,0.123,0.464,0.203,2
1204,0.566,0.518,0.893,3
1205,0.835,0.825,0.0874,0
1206,0.916,0.159,0.643,3
1207,0.649,0.665,0.43,0
1208,0.313,0.153,0.831,1
1209,0.567,0.691,0.742,3
1210,0.727,0.0436,0.292,3
1211,0.0602,0.703,0.795,1
1212,0.566,0.65,0.749,3
1213,0.327,0.611,0,0
1214,0,0.662,0.431,1
1215,0,0,0.102,2
1216,0.552,0,0,2
1217,0.376,0.379,0.694,1
1218,0,0.255,0.161,2
1219,0.187,0,0.267,2
1220,0.862,0.441,0,0
1221,0.498,0.586,0.345,0
1222,0.703,0,0.701,3
1223,0.132,0.0841,0.0815,2
1224,0,0.411,0,2
1225,0.512,0.392,0.362,0
1226,0.295,0,0,2
1227,0.59,0,0.541,3
1228,0.306,0.771,0,0
1229,0.377,0,0.204,2
1230,0.156,0.427,0,2
1231,0,0.391,0,2
1232,0.327,0,0,2
1233,0,0.246,0.0698,2
1234,0.0626,0.15,0.336,2
1235,0.483,0.216,0.698,3
1236,0.127,0.383,0.0915,2
1237,0.559,0.699,0.301,0
1238,0.21,0.734,0.319,0
1239,0.567,0.605,0.599,3
1240,0.979,0.341,0,0
1241,0.583,0,0.3,2
1242,0.762,0.94,0.515,0
1243,0.324,0.568,0.607,1
1244,0.882,0.815,0.658,3
1245,0.154,0,0.35,2
1246,0.97,0.203,0.678,3
1247,0.166,0.729,0.934,1
1248,0.168,0.576,0.25,0
1249,0.275,0.755,0.414,1
1250,0.202,0.492,0.409,1
1251,0.13,0.563,0.256,1
1252,0.714,0.906,0.228,0
1253,0.11,0.93,0.178,0
1254,0.477,0.132,0.96,3
1255,0.794,0.0404,0.571,3
1256,0.697,0.25,0.944,3
1257,0.235,0.641,0.824,1
1258,0.807,0.499,0.167,0
1259,0.95,0.351,0.926,3
1260,0.927,0.0325,0.216,3
1261,0.542,0.535,0.161,0
1262,0.182,0.178,0.104,2
1263,0,0.526,0.43,1
1264,0.621,0.152,0.118,2
1265,0.455,0.211,0.197,2
1266,0.451,0.303,0.149,2
1267,0.397,0,0.00425,2
1268,0.504,0.188,0.125,2
1269,0.724,0.38,0.0179,0
1270,0,0.802,0.319,1
1271,0.014,0.144,0.133,2
1272,0.458,0.541,0.203,0
1273,0.396,0.148,0.739,3
1274,0,0.607,0.0502,2
1275,0.522,0.505,0.582,3
1276,0.087,0,0.471,2
1277,0.255,0.506,0.305,0
1278,0.394,0.732,0.517,1
1279,0.118,0.47,0.708,1
1280,0.0412,0.218,0.677,1
1281,0,0.168,0.432,2
1282,0.359,0.19,0.543,2
1283,0.41,0.631,0.646,1
1284,0.537,0.602,0,0
1285,0.296,0.538,0.0351,0
1286,0.535,0.823,0.521,0
1287,0.294,0,0.301,2
1288,0.116,0.272,0.183,2
1289,0.403,0.53,0.685,1
1290,0.119,0.19,0.935,1
1291,0.605,0.106,0.784,3
1292,0.78,0.115,0,2
1293,0.809,0.261,0.347,3
1294,0,0.105,0.364,2
1295,0.608,0.622,0.718,3
1296,0.0326,0.764,0.303,1
1297,0.718,0.526,0.52,3
1298,0.435,0.671,0.405,0
1299,0.0839,0.283,0.75,1
1300,0.137,0.747,0.435,1
1301,0.432,0.43,0.256,0
1302,0.504,0.391,0.0855,0
1303,0.0343,0.591,0.044,2
1304,0.23,0.81,0.747,1
1305,0.13,0.71,0,0
1306,0.423,0.303,0,2
1307,0.109,0.117,0.958,1
1308,0.496,0.149,0.628,3
1309,0.213,0.302,0.136,2
1310,0.712,0.701,0,0
1311,0.795,0.353,0.343,3
1312,0,0.165,0.858,1
1313,0.0722,0.273,0.549,1
1314,0.343,0.393,0.284,2
1315,0.0262,0.357,0.301,2
1316,0.527,0.109,0,2
1317,0.626,0.474,0.651,3
1318,0,0,0.289,2
1319,0,0,0.498,2
1320,0,0.355,0.633,1
1321,0,0.557,0,2
1322,0.518,0.472,0.354,0
1323,0.384,0,0,2
1324,0.0124,0,0.459,2
1325,0.385,0.77,0.0888,0
1326,0.286,0,0.134,2
1327,0,0.00951,0.421,2
1328,0.248,0.713,0.401,1
1329,0.0194,0.479,0.307,2
1330,0,0,0.45,2
1331,0.472,0,0.00886,2
1332,0.00629,0.332,0,2
1333,0.787,0.913,0.124,0
1334,0.0403,0.377,0.0901,2
1335,0.25,0.659,0,0
1336,0,0.453,0,2
1337,0.218,0.252,0,2
1338,0,0.662,0,0
1339,0.917,0.0595,0.0696,3
1340,0.355,0.516,0.109,0
1341,0.456,0.936,0.856,1
1342,0.723,0.44,0.66,3
1343,0.727,0.137,0,2
1344,0.713,0.493,0.0846,0
1345,0.534,0.155,0.446,3
1346,0.259,0.382,0.403,2
1347,0.0907,0.936,0.596,1
1348,0.676,0.211,0.383,3
1349,0.715,0.0524,0.979,3
1350,0.763,0.191,0.421,3
1351,0.939,0.911,0.678,3
1352,0.0799,0.262,0.88,1
1353,0.797,0.101,0.958,3
1354,0.138,0.346,0.933,1
1355,0.74,0.0696,0.499,3
1356,0.245,0.751,0.365,1
1357,0.0372,0.825,0.311,1
1358,0.228,0.6,0.265,0
1359,0.909,0.668,0.267,0
1360,0.0426,0.425,0.83,1
1361,0.794,0.149,0.154,3
1362,0.964,0.387,0.276,3
1363,0.821,0.904,0.3,0
1364,0.832,0.548,0.508,3
1365,0.793,0.846,0.0458,0
1366,0.271,0.393,0,2
1367,0.155,0.513,0.309,1
1368,0.327,0.632,0,0
1369,0.345,0.0795,0.203,2
1370,0.422,0.642,0,0
1371,0.273,0,0,2
1372,0,0.83,0.13,0
1373,0,0,0.318,2
1374,0.106,0,0.233,2
1375,0.738,0.392,0.147,0
1376,0.347,0.485,0.391,1
1377,0,0.144,0.625,2
1378,0.109,0.618,0.533,1
1379,0,0.0982,0.678,1
1380,0.313,0.57,0.777,1
1381,0.0874,0.544,0,2
1382,0.0682,0.628,0.0267,0
1383,0.924,0.432,0,0
1384,0.202,0.508,0.3,1
1385,0.116,0.561,0.258,1
1386,0.267,0,0,2
1387,0,0.25,0.31,2
1388,0,0.4,0.578,1
1389,0.276,0.383,0.608,1
1390,0.37,0.361,0.533,1
1391,0.42,0.916,0,0
1392,0.115,0.512,0,2
1393,0.224,0.213,0.889,1
1394,0.785,0.284,0.877,3
1395,0.308,0.128,0.486,2
1396,0.0604,0.567,0.459,1
1397,0.725,0.616,0.404,0
1398,0.424,0.463,0.407,0
1399,0.398,0.0567,0.849,3
1400,0.281,0.357,0.0513,2
1401,0.149,0.703,0.325,1
1402,0.892,0.81,0.203,0
1403,0.753,0.728,0.475,0
1404,0.436,0.481,0.705,1
1405,0.0223,0.656,0.569,1
1406,0.194,0.664,0,0
1407,0.661,0.941,0.0246,0
1408,0.289,0.938,0.707,1
1409,0.689,0.764,0.592,3
1410,0.911,0.68,0.706,3
1411,0.675,0.721,0.273,0
1412,0.933,0.059,0.979,3
1413,0.841,0.335,0.817,3
1414,0.141,0,0.913,1
1415,0.109,0.478,0.872,1
1416,0.803,0,0.679,3
1417,0.168,0,0,2
1418,0.243,0,0.187,2
1419,0.447,0.609,0,0
1420,0.24,0.0748,0.135,2
1421,0.546,0.0628,0.402,2
1422,0.585,0.306,0.0458,0
1423,0.618,0.17,0.141,2
1424,0.163,0,0,2
1425,0.753,0,0,2
1426,0.766,0.386,0.298,3
1427,0,0,0.0574,2
1428,0.518,0.557,0.661,3
1429,0.164,0.713,0,0
1430,0,0,0.24,2
1431,0.923,0.0746,0.897,3
1432,0,0.165,0.288,2
1433,0.0956,0.678,0.87,1
1434,0.292,0.0128,0,2
1435,0,0,0.439,2
1436,0.178,0.322,0,2
1437,0.814,0.451,0.371,3
1438,0.877,0.552,0.775,3
1439,0,0.162,0.702,1
1440,0.293,0.0442,0.515,2
1441,0.0179,0.483,0.0407,2
1442,0.501,0.365,0.912,3
1443,0.0774,0.697,0.0715,0
1444,0.9,0.0796,0.809,3
1445,0.0156,0.118,0.632,2
1446,0.733,0.797,0.645,3
1447,0.697,0.308,0,0
1448,0.813,0.859,0.31,0
1449,0.346,0.882,0,0
1450,0.859,0.927,0.823,3
1451,0.483,0.512,0.603,3
1452,0.192,0.408,0.754,1
1453,0.483,0.059,0.136,2
1454,0.495,0.434,0.261,0
1455,0.533,0,0.704,3
1456,0.787,0.791,0.00954,0
1457,0.296,0.496,0.879,1
1458,0.715,0.798,0.231,0
1459,0.0771,0.38,0.628,1
1460,0.641,0.611,0.902,3
1461,0.796,0.94,0.276,0
1462,0.414,0.0672,0.158,2
1463,0.292,0.933,0.00516,0
1464,0.319,0.559,0.312,0
1465,0.49,0.644,0.822,1
1466,0.404,0,0.649,3
1467,0.504,0,0.167,2
1468,0.0643,0.263,0.108,2
1469,0,0.214,0,2
1470,0,0.266,0,2
1471,0.417,0,0.142,2
1472,0.67,0.443,0.654,3
1473,0.291,0,0.529,2
1474,0.0959,0,0.419,2
1475,0.406,0.0229,0.437,2
1476,0.503,0.448,0.374,0
1477,0.109,0.578,0.538,1
1478,0.369,0.346,0.276,2
1479,0.364,0,0.309,2
1480,0.336,0.332,0.139,2
1481,0.125,0.0393,0.669,2
1482,0.336,0,0,2
1483,0.402,0.355,0.44,2
1484,0,0,0.297,2
1485,0.0962,0,0.00228,2
1486,0.446,0.658,0,0
1487,0.583,0.299,0.848,3
1488,0.606,0.622,0.473,0
1489,0.186,0.457,0.0809,2
1490,0.913,0.8,0.883,3
1491,0.282,0.346,0.475,1
1492,0.268,0.766,0.822,1
1493,0.672,0.382,0.0413,0
1494,0.0312,0.938,0.928,1
1495,0.239,0.752,0.293,0
1496,0.664,0.911,0.957,3
1497,0.678,0.928,0.456,0
1498,0.485,0.373,0.601,3
1499,0.872,0.801,0.156,0
1500,0.693,0.49,0.0483,0
1501,0.847,0.889,0.897,3
1502,0.487,0.783,0.931,1
1503,0.091,0.714,0.492,1
1504,0.429,0.921,0.253,0
1505,0.209,0.00914,0.928,1
1506,0.934,0.218,0.341,3
1507,0.856,0.398,0.761,3
1508,0.338,0.359,0.375,2
1509,0.963,0.535,0.273,0
1510,0.0161,0.183,0.732,1
1511,0.205,0.651,0.663,1
1512,0.361,0.454,0.382,1
1513,0.824,0.451,0.679,3
1514,0.0786,0.402,0.652,1
1515,0.673,0.733,0.699,3
1516,0.398,0.32,0.533,3
1517,0.632,0.526,0.362,0
1518,0.0361,0,0,2
1519,0.303,0,0,2
1520,0,0.487,0.635,1
1521,0.428,0.225,0.536,3
1522,0.94,0.154,0.75,3
1523,0.226,0.737,0.715,1
1524,0,0,0.232,2
1525,0.224,0.217,0.593,1
1526,0.136,0.691,0,0
1527,0,0.113,4.14E-05,2
1528,0,0,0,2
1529,0,0,0,2
1530,0.23,0.388,0.032,2
1531,0,0.583,0.665,1
1532,0.155,0.108,0.567,2
1533,0.303,0,0.414,2
1534,0.222,0.049,0,2
1535,0,0.752,0.126,0
1536,0,0.0752,0.438,2
1537,0.702,0.354,0.0736,0
1538,0.0917,0.66,0.314,1
1539,0.691,0.859,0.0699,0
1540,0.72,0.282,0.631,3
1541,0.778,0.934,0.17,0
1542,0.737,0.517,0.873,3
1543,0.39,0.21,0.117,2
1544,0.249,0.787,0.905,1
1545,0.0274,0.331,0.404,2
1546,0.392,0.001,0.899,3
1547,0.334,0.461,0.762,1
1548,0.454,0.0772,0.133,2
1549,0.981,0.538,0.482,3
1550,0.143,0.483,0.257,2
1551,0.0486,0.464,0.864,1
1552,0.63,0.513,0.529,3
1553,0.855,0.411,0.528,3
1554,0.00806,0.288,0.0793,2
1555,0.952,0.0495,0.737,3
1556,0.778,0.732,0.0492,0
1557,0.851,0.804,0.162,0
1558,0.566,0.335,0.415,3
1559,0.209,0.448,0.507,1
1560,0.813,0.819,0.556,0
1561,0.796,0.704,0.181,0
1562,0.731,0.387,0.759,3
1563,0.586,0,0.0381,2
1564,0.846,0.355,0.946,3
1565,0.723,0.108,0.507,3
1566,0.719,0.925,0.591,0
1567,0.649,0.911,0,0
1568,0.828,0.473,0.851,3
1569,0.268,0.348,0,2
1570,0.843,0.173,0.231,3
1571,0.52,0.691,0.596,1
1572,0,0.68,0,0
1573,0.68,0.719,0.262,0
1574,0.564,0.352,0,0
1575,0.639,0.715,0.719,3
1576,0.0961,0.252,0.718,1
1577,0,0,0.473,2
1578,0.507,0.549,0,0
1579,0.323,0.155,0.136,2
1580,0.22,0.253,0.748,1
1581,0.163,0.79,0.679,1
1582,0.269,0,0,2
1583,0.604,0.233,0.249,2
1584,0,0.0843,0.523,2
1585,0,0.214,0.143,2
1586,0.606,0.102,0,2
1587,0.291,0.0346,0.606,2
1588,0.146,0.624,0.0816,0
1589,0.191,0.249,0.746,1
1590,0.39,0.292,0.764,3
1591,0.111,0.83,0.487,1
1592,0.79,0.935,0.0475,0
1593,0.484,0.77,0.813,1
1594,0.311,0.541,0.933,1
1595,0.192,0.695,0.205,0
1596,0.0889,0.589,0.774,1
1597,0.434,0.629,0.567,1
1598,0.526,0.918,0.345,0
1599,0.934,0.506,0.702,3
1600,0.547,0.43,0.595,3
1601,0.28,0.0517,0.547,2
1602,0.438,0.789,0.332,0
1603,0.88,0.369,0.0391,0
1604,0.491,0.759,0.286,0
1605,0.24,0.95,0.227,0
1606,0.273,0.148,0.172,2
1607,0.294,0.0252,0.979,3
1608,0.298,0.0817,0.279,2
1609,0.67,0.921,0.726,3
1610,0.785,0.398,0.106,0
1611,0.0956,0.556,0.66,1
1612,0.0641,0.0878,0.752,1
1613,0.93,0.666,0.444,3
1614,0.234,0.302,0.808,1
1615,0.348,0.648,0.167,0
1616,0.765,0.669,0.773,3
1617,0.642,0,0.122,2
1618,0.0353,0.205,0.589,1
1619,0.122,0.123,0.0709,2
1620,0,0.334,0.433,2
1621,0.198,0.312,0,2
1622,0.702,0.329,0.509,3
1623,0.419,0.0281,0.567,2
1624,0.174,0.833,0.591,1
1625,0.392,0.266,0.224,2
1626,0.319,0.954,0.567,1
1627,0.505,0.552,0,0
1628,0.704,0,0,2
1629,0.582,0.5,0.832,3
1630,0.686,0.581,0.335,0
1631,0.852,0.422,0.101,0
1632,0.941,0.0221,0.665,3
1633,0.539,0,0.03,2
1634,0.187,0.628,0.401,1
1635,0.409,0.225,0.0971,2
1636,0.698,0.484,0.838,3
1637,0.0126,0.566,0.888,1
1638,0,0,0.414,2
1639,0.955,0.927,0.619,3
1640,0.596,0.608,0.621,3
1641,0.675,0.157,0.347,3
1642,0.446,0.623,0.528,1
1643,0.239,0.882,0.857,1
1644,0.0907,0.853,0.883,1
1645,0.0658,0.199,0.439,2
1646,0.296,0.457,0.398,1
1647,0.357,0.0509,0.75,3
1648,0.819,0.369,0.276,3
1649,0.593,0.279,0.483,3
1650,0.297,0.887,0,0
1651,0.966,0.612,0.567,3
1652,0.297,0.493,0.452,1
1653,0.714,0.731,0.761,3
1654,0.403,0.173,0.93,3
1655,0.735,0.768,0.809,3
1656,0.125,0.618,0.667,1
1657,0.615,0.673,0.566,3
1658,0.513,0.239,0.139,2
1659,0.796,0.696,0.926,3
1660,0.217,0.428,0.816,1
1661,0.43,0.891,0.233,0
1662,0.613,0.254,0.6,3
1663,0.566,0.956,0.0276,0
1664,0.854,0.485,0.109,0
1665,0.805,0.102,0.565,3
1666,0.345,0.364,0.355,2
1667,0.905,0,0,2
1668,0.0472,0.267,0.104,2
1669,0.707,0.192,0.79,3
1670,0,0.00443,0,2
1671,0.781,0.00611,0.0739,2
1672,0.512,0.41,0.611,3
1673,0.0767,0.426,0.0281,2
1674,0.717,0.665,0.475,0
1675,0.82,0,0.435,3
1676,0.353,0.717,0.347,0
1677,0,0,0,2
1678,0.456,0.378,0,0
1679,0.685,0.183,0.43,3
1680,0.337,0.273,0.127,2
1681,0.0029,0.222,0.33,2
1682,0.00184,0.393,0.222,2
1683,0.072,0.904,0.257,0
1684,0.438,0,0,2
1685,0,0.525,0.382,1
1686,0.812,0.626,0.596,3
1687,0,0.0477,0.338,2
1688,0.693,0,0.645,3
1689,0.122,0.743,0.246,0
1690,0.417,0.526,0.741,1
1691,0.84,0.259,0.422,3
1692,0.933,0.579,0.0187,0
1693,0.774,0.763,0.238,0
1694,0.871,0.553,0.0197,0
1695,0.896,0.686,0.922,3
1696,0.759,0.883,0.251,0
1697,0.316,0.135,0,2
1698,0.601,0.41,0.904,3
1699,0.374,0.0223,0.839,3
1700,0.526,0.545,0.21,0
1701,0.788,0.164,0.424,3
1702,0.918,0.243,0.852,3
1703,0.494,0.677,0.433,0
1704,0.472,0.741,0.539,1
1705,0.197,0.885,0.415,1
1706,0.908,0.447,0.353,3
1707,0.931,0.641,0.895,3
1708,0.585,0,0.916,3
1709,0.445,0.971,0.111,0
1710,0.085,0.311,0.578,1
1711,0.739,0.265,0.796,3
1712,0.618,0.495,0.911,3
1713,0.182,0.026,0.817,1
1714,0.0454,0.691,0.143,0
1715,0.882,0.796,0.682,3
1716,0.419,0.244,0.203,2
1717,0.442,0,0.667,3
1718,0.664,0.826,0.912,3
1719,0.637,0.298,0.239,0
1720,0.687,0.176,0.402,3
1721,0,0.586,0.633,1
1722,0,0.216,0.625,1
1723,0.508,0.82,0.705,1
1724,0.819,0.0313,0.614,3
1725,0.0822,0.253,0.217,2
1726,0.607,0.742,0.2,0
1727,0.0435,0.555,0.521,1
1728,0.886,0.382,0.488,3
1729,0.347,0.816,0.0741,0
1730,0.152,0.448,0.849,1
1731,0.678,0.779,0.759,3
1732,0.241,0.911,0.0946,0
1733,0.842,0.491,0.334,3
1734,0.656,0.292,0.618,3
1735,0,0.276,0.0418,2
1736,0.0878,0.382,0.81,1
1737,0.806,0.428,0.75,3
1738,0,0.683,0.475,1
1739,0.344,0,0.31,2
1740,0.889,0.186,0.732,3
1741,0.107,0.816,0.0414,0
1742,0.27,0.07,0.456,2
1743,0.0722,0.393,0.627,1
1744,0.487,0.494,0.0186,0
1745,0.282,0.881,0.575,1
1746,0.142,0.343,0.34,2
1747,0.18,0.369,0.289,2
1748,0.427,0.951,0.266,0
1749,0.402,0.199,0.724,3
1750,0.483,0.036,0.938,3
1751,0.059,0.416,0.356,2
1752,0.386,0.56,0.143,0
1753,0.654,0.584,0.546,3
1754,0.493,0.18,0.419,2
1755,0.352,0.734,0.893,1
1756,0.401,0.0333,0.592,2
1757,0.794,0.53,0.909,3
1758,0.968,0.399,0,0
1759,0.909,0.0786,0.875,3
1760,0.618,0.734,0.312,0
1761,0.727,0.899,0.0604,0
1762,0.628,0.151,0.425,3
1763,0.688,0.629,0,0
1764,0.205,0.105,0.572,2
1765,0.163,0.14,0.163,2
1766,0.0992,0.944,0.451,1
1767,0.475,0.42,0.576,3
1768,0.843,0.677,0.121,0
1769,0.627,0.212,0.95,3
1770,0.141,0.786,0.968,1
1771,0.613,0.337,0.466,3
1772,0.333,0.3,0.492,2
1773,0.246,0.856,0.743,1
1774,0.764,0.0457,0.822,3
1775,0.0886,0.607,0.642,1
1776,0.0675,0.0226,0.509,2
1777,0.526,0.157,0.809,3
1778,0.385,0.886,0.873,1
1779,0.215,0.571,0.421,1
1780,0.759,0.148,0.0292,2
1781,0.819,0.677,0.106,0
1782,0.0682,0.602,0.574,1
1783,0.867,0.0475,0.559,3
1784,0.0917,0.808,0.0121,0
1785,0.521,0.939,0.815,1
1786,0.765,0.467,0.801,3
1787,0,0.197,0.785,1
1788,0,0.404,0.825,1
1789,0.298,0.939,0.91,1
1790,0.29,0.0243,0.241,2
1791,0.245,0.527,0.815,1
1792,0.912,0.319,0.464,3
1793,0.227,0.805,0.253,0
1794,0.706,0.621,0,0
1795,0.644,0.0878,0.362,3
1796,0.0321,0.184,0.563,2
1797,0.537,0.854,0.491,0
1798,0.872,0.421,0.0705,0
1799,0.701,0.902,0.923,3
1800,0.34,0.876,0.249,0
1801,0.769,0.865,0.849,3
1802,0.194,0.787,0.044,0
1803,0.737,0.66,0.698,3
1804,0.145,0.349,0.442,2
1805,0.55,0.0555,0.699,3
1806,0.694,0.802,0.687,3
1807,0.163,0.133,0.745,1
1808,0.271,0.491,0.507,1
1809,0.523,0.743,0.758,1
1810,0.937,0.0371,0.101,3
1811,0.14,0.0739,0.0827,2
1812,0.869,0.793,0.564,3
1813,0.575,0.615,0.204,0
1814,0.935,0.421,0.922,3
1815,0.582,0.0976,0.611,3
1816,0.192,0.106,0.834,1
1817,0.713,0.63,0.832,3
1818,0.331,0.334,0.0805,2
1819,0.00829,0.724,0.906,1
1820,0.264,0.48,0.779,1
1821,0.68,0.264,0.558,3
1822,0.564,0.196,0.485,3
1823,0.176,0.488,0.503,1
1824,0.199,0.952,0.494,1
1825,0.463,0.571,0.674,1
1826,0.344,0.121,0.79,3
1827,0.135,0.41,0.611,1
1828,0.894,0.563,0.889,3
1829,0.566,0.322,0.37,3
1830,0.486,0.361,0.527,3
1831,0,0.529,0.729,1
1832,0.707,0.828,0.873,3
1833,0.628,0.848,0.18,0
1834,0.531,0.501,0.81,3
1835,0,0.836,0.0659,0
1836,0.38,0.682,0.737,1
1837,0.214,0.176,0.0502,2
1838,0.849,0.91,0.433,0
1839,0.466,0.276,0.284,2
1840,0.297,0.344,0.521,1
1841,0.0631,0.741,0,0
1842,0.908,0.478,0.493,3
1843,0.767,0.262,0,0
1844,0,0.643,0.956,1
1845,0.476,0.791,0.549,1
1846,0.61,0.243,0.728,3
1847,0.545,0.373,0.299,0
1848,0.2,0.241,0.724,1
1849,0.0708,0.738,0.546,1
1850,0.585,0.603,0.204,0
1851,0.582,0.0561,0,2
1852,0.949,0.633,0.226,0
1853,0.858,0.533,0.448,3
1854,0.91,0.515,0.00491,0
1855,0.257,0.0912,0.0115,2
1856,0.467,0.788,0.718,1
1857,0.777,0.311,0.481,3
1858,0.19,0.296,0.64,1
1859,0.807,0.0413,0.76,3
1860,0.158,0.951,0.671,1
1861,0.606,0.409,0.733,3
1862,0,0.897,0.285,1
1863,0.126,0.138,0.381,2
1864,0.55,0.9,0.483,0
1865,0.665,0.669,0.122,0
1866,0.804,0.316,0.511,3
1867,0.0363,0.791,0.572,1
1868,0.000236,0.0153,0.69,2
1869,0.254,0.352,0.125,2
1870,0.405,0,0.692,3
1871,0,0.147,0,2
1872,0.404,0.5,0.517,1
1873,0.801,0.0808,0.509,3
1874,0.206,0.543,0.655,1
1875,0.31,0.51,0.183,0
1876,0.174,0.312,0.116,2
1877,0.238,0.332,0.617,1
1878,0,0,0.263,2
1879,0.281,0.835,0.0293,0
1880,0.908,0.0321,0.831,3
1881,0.39,0.107,0.133,2
1882,0.113,0.82,0.0313,0
1883,0.316,0.504,0.454,1
1884,0.415,0.706,0.174,0
1885,0.834,0.293,0.858,3
1886,0.662,0.127,0.433,3
1887,0.792,0.597,0.363,0
1888,0.131,0.368,0.907,1
1889,0.849,0.438,0.398,3
1890,0.00434,0.685,0.632,1
1891,0.705,0,0.127,2
1892,0.777,0.397,0.972,3
1893,0.127,0.339,0.791,1
1894,0.544,0.532,0.754,3
1895,0.0383,0.426,0.44,1
1896,0.453,0.0321,0.947,3
1897,0.621,0.919,0.401,0
1898,0.483,0.496,0.579,3
1899,0.891,0.88,0.284,0
1900,0.166,0.574,0.822,1
1901,0.0415,0.79,0.0935,0
1902,0.00921,0.592,0.271,1
1903,0.687,0.313,0.686,3
1904,0.432,0.925,0.587,1
1905,0.154,0.93,0.553,1
1906,0.897,0.645,0.58,3
1907,0,0.607,0.32,1
1908,0.792,0.709,0.217,0
1909,0.844,0.402,0,0
1910,0.621,0.32,0.279,0
1911,0.75,0.278,0.751,3
1912,0.796,0.522,0.591,3
1913,0.771,0.25,0.0446,0
1914,0.297,0.675,0.644,1
1915,0.474,0.666,0.371,0
1916,0,0.0164,0.788,1
1917,0.0355,0,0.174,2
1918,0.556,0.761,0.783,1
1919,0,0.294,0,2
1920,0.287,0.581,0.918,1
1921,0.599,0.0851,0.686,3
1922,0,0.646,0.809,1
1923,0.113,0.606,0.466,1
1924,0.324,0.759,0.308,0
1925,0.884,0.77,0.854,3
1926,0.24,0.439,0.417,1
1927,0.786,0.0678,0.886,3
1928,0.457,0.65,0.742,1
1929,0.2,0.754,0.108,0
1930,0.411,0.913,0.729,1
1931,0.432,0.0507,0,2
1932,0.465,0.0522,0.342,2
1933,0.393,0.3,0.202,2
1934,0.576,0.866,0.24,0
1935,0.49,0.234,0,2
1936,0.294,0.292,0.63,1
1937,0.000837,0.528,0.656,1
1938,0.297,0.725,0.727,1
1939,0.178,0.642,0.234,0
1940,0.883,0.104,0.238,3
1941,0.0168,0.942,0.661,1
1942,0.282,0.00662,0.332,2
1943,0.876,0,0.172,3
1944,0.634,0.818,0.335,0
1945,0.608,0.278,0.411,3
1946,0.878,0.258,0.869,3
1947,0.421,0.00368,0.833,3
1948,0.363,0.48,0.869,1
1949,0.012,0.962,0.725,1
1950,0.24,0.442,0.834,1
1951,0.692,0.846,0.901,3
1952,0.901,0.36,0.491,3
1953,0.929,0.35,0.877,3
1954,0.594,0.552,0.515,3
1955,0.546,0.41,0.532,3
1956,0.0266,0.0273,0.565,2
1957,0.525,0.0256,0.918,3
1958,0.976,0.945,0.331,0
1959,0.484,0.941,0.876,1
1960,0.0704,0.142,0.861,1
1961,0.405,0.152,0.23,2
1962,0.773,0.932,0.381,0
1963,0.276,0.288,0.128,2
1964,0.422,0.458,0.225,0
1965,0.843,0.684,0.635,3
1966,0.126,0.626,0.106,0
1967,0.487,0.594,0.886,1
1968,0.0188,0.665,0,0
1969,0.378,0,0.521,2
1970,0.191,0,0.713,2
1971,0.416,0.545,0.702,1
1972,0.703,0.609,0.255,0
1973,0.47,0.955,0.56,0
1974,0.288,0.942,0.294,0
1975,0.58,0.802,0.784,1
1976,0.442,0.682,0.42,0
1977,0.786,0.961,0.195,0
1978,0.57,0.68,0.147,0
1979,0.658,0,0,2
1980,0.708,0.893,0.873,3
1981,0.579,0.812,0.0761,0
1982,0.54,0.124,0.0386,2
1983,0.221,0.686,0.444,1
1984,0.155,0.678,0.315,1
1985,0.447,0.821,0.158,0
1986,0.867,0,0.433,3
1987,0.842,0.858,0.0913,0
1988,0.795,0.937,0.125,0
1989,0.0667,0.168,0.825,1
1990,0.761,0,0.796,3
1991,0.0626,0.577,0.358,1
1992,0.243,0.0317,0.468,2
1993,0.284,0.0916,0.389,2
1994,0.582,0.0826,0.21,2
1995,0.917,0.341,0.309,3
1996,0.67,0,0.00548,2
1997,0.572,0.011,0.237,2
1998,0.199,0.818,0.976,1
1999,0.754,0.383,0.494,3
2000,0.506,0.858,0.44,0
2001,0.0777,0.196,0.841,1
2002,0.751,0.298,0.553,3
2003,0.261,0.951,0,0
2004,0,0.617,0.706,1
2005,0.146,0.514,0.782,1
2006,0.958,0.75,0.934,3
2007,0.814,0.897,0.949,3
2008,0.805,0.865,0.304,0
2009,0.197,0.18,0.0554,2
2010,0.00232,0.924,0.735,1
2011,0.85,0.575,0.674,3
2012,0.072,0.126,0.276,2
2013,0.266,0.897,0.258,0
2014,0.775,0.736,0.0577,0
2015,0,0.553,0.553,1
2016,0.796,0.487,0.31,0
2017,0.22,0.395,0.933,1
2018,0.37,0.249,0.746,3
2019,0.67,0.829,0.0472,0
2020,0.219,0.045,0.634,2
2021,0.762,0.0653,0.22,3
2022,0.438,0.916,0.179,0
2023,0.186,0.424,0.558,1
2024,0.0889,0.646,0.255,1
2025,0.743,0.128,0.241,3
2026,0.426,0.46,0.157,0
2027,0.834,0.691,0.0261,0
2028,0.149,0.547,0.634,1
2029,0.809,0.582,0.269,0
2030,0.0903,0.179,0.625,1
2031,0.927,0.298,0.896,3
2032,0.886,0.645,0.796,3
2033,0.372,0,0.871,3
2034,0.598,0.0873,0.622,3
2035,0.141,0.429,0.92,1
2036,0.29,0.429,0.274,2
2037,0.000766,0.777,0.833,1
2038,0.811,0.226,0.164,3
2039,0.953,0.0221,0.216,3
2040,0.866,0.27,0.744,3
2041,0.29,0.538,0.68,1
2042,0.925,0.147,0.385,3
2043,0.619,0.828,0.179,0
2044,0.0035,0.544,0.314,1
2045,0.23,0.873,0.921,1
2046,0.851,0.888,0.022,0
2047,0.319,0.507,0.56,1
2048,0.707,0.242,0.685,3
2049,0.336,0.125,0.62,2
2050,0.852,0.219,0.639,3
2051,0.663,0.179,0.205,2
2052,0.362,0.941,0.781,1
2053,0.88,0.883,0.142,0
2054,0.137,0.127,0.303,2
2055,0.763,0.41,0.475,3
2056,0.59,0.657,0.827,3
2057,0.0389,0.557,0.476,1
2058,0.0456,0.155,0.876,1
2059,0.138,0.967,0.348,1
2060,0.427,0.418,0.157,0
2061,0.258,0.175,0.533,2
2062,0.128,0.383,0.9,1
2063,0.124,0.764,0.931,1
2064,0.0433,0.868,0.636,1
2065,0.265,0.527,0.635,1
2066,0.528,0.774,0.0141,0
2067,0.731,0.519,0.798,3
2068,0.302,0.644,0.258,0
2069,0.0872,0.811,0.324,1
2070,0.299,0.22,0.025,2
2071,0.603,0.427,0.456,3
2072,0.147,0,0.0248,2
2073,0.903,0.598,0.21,0
2074,0.875,0.347,0.96,3
2075,0.482,0.9,0.891,1
2076,0.416,0.0809,0.0466,2
2077,0.897,0.237,0.733,3
2078,0.06,0.665,0.514,1
2079,0.282,0.296,0.504,2
2080,0.0617,0.307,0.868,1
2081,0.444,0.879,0.274,0
2082,0.312,0.566,0.418,1
2083,0.916,0.0692,0.782,3
2084,0.275,0.379,0.45,1
2085,0.848,0.233,0.168,3
2086,0.0775,0.817,0.398,1
2087,0.796,0.0482,0.819,3
2088,0.915,0.702,0.56,3
2089,0.608,0.907,0.784,1
2090,0.535,0.114,0.521,3
2091,0.959,0.85,0.0591,0
2092,0.525,0,0.429,2
2093,0.0712,0.783,0.0725,0
2094,0.98,0.849,0.471,0
2095,0.355,0.279,0.765,1
2096,0.514,0.789,0.782,1
2097,0.399,0.0288,0.0117,2
2098,0.694,0.816,0.603,0
2099,0.975,0.746,0.347,0
2100,0.359,0.12,0.661,3
2101,0.0734,0.943,0.475,1
2102,0.487,0.0303,0.552,3
2103,0.271,0.639,0.0448,0
2104,0.95,0.979,0.265,0
2105,0.736,0.947,0.537,0
2106,0.14,0.143,0.336,2
2107,0.651,0.127,0.0632,2
2108,0.781,0.00652,0.0192,2
2109,0.191,0.662,0.135,0
2110,0.782,0.399,0.685,3
2111,0.0975,0,0.739,2
2112,0.0331,0.766,0.611,1
2113,0,0.972,0.395,1
2114,0.0102,0.783,0.416,1
2115,0.562,0.298,0.334,3
2116,0.225,0.614,0.519,1
2117,0,0.0114,0.469,2
2118,0.183,0.655,0.537,1
2119,0.152,0.214,0.509,2
2120,0.267,0.575,0.882,1
2121,0.706,0.0789,0.974,3
2122,0.535,0.943,0.647,1
2123,0.782,0.898,0.29,0
2124,0.817,0.31,0.284,3
2125,0.0713,0.766,0.383,1
2126,0.36,0.942,0.955,1
2127,0.23,0.478,0.66,1
2128,0.52,0.498,0.0643,0
2129,0.939,0.00666,0.337,3
2130,0.904,0.853,0.118,0
2131,0.211,0.782,0.835,1
2132,0.423,0.893,0.964,1
2133,0.851,0.578,0.931,3
2134,0.959,0.496,0.648,3
2135,0.737,0.172,0.0716,2
2136,0.728,0.665,0.537,3
2137,0.877,0.838,0.394,0
2138,0.187,0.492,0.63,1
2139,0.623,0.465,0.573,3
2140,0.899,0.857,0.298,0
2141,0.357,0.796,0.603,1
2142,0.201,0.505,0.146,2
2143,0.326,0.597,0.897,1
2144,0.777,0.904,0.241,0
2145,0.58,0.467,0.685,3
2146,0.886,0.508,0.0551,0
2147,0.813,0.0525,0.336,3
2148,0.102,0.0617,0.0323,2
2149,0.496,0.18,0.179,2
2150,0.782,0.173,0.467,3
2151,0.504,0.215,0.313,2
2152,0.00876,0.645,0.858,1
2153,0.849,0.0055,0.504,3
2154,0.224,0.494,0.952,1
2155,0.265,0.965,0.429,1
2156,0.932,0.87,0.0655,0
2157,0.632,0.477,0.0727,0
2158,0.956,0.511,0.321,3
2159,0.872,0.583,0.782,3
2160,0.706,0.404,0.475,3
2161,0.341,0.769,0.011,0
2162,0.347,0.359,0.00717,2
2163,0.515,0.307,0.21,2
2164,0.91,0.435,0.411,3
2165,0.949,0.276,0.714,3
2166,0.83,0.683,0.91,3
2167,0.356,0.0777,0.255,2
2168,0.032,0.0425,0.713,2
2169,0.136,0,0.108,2
2170,0.692,0.587,0.552,3
2171,0.491,0.898,0.759,1
2172,0.272,0.0364,0.372,2
2173,0.932,0.52,0.669,3
2174,0.252,0.108,0.786,1
2175,0.932,0.703,0.257,0
2176,0.481,0.928,0.255,0
2177,0.53,0.43,0.505,3
2178,0.29,0.832,0.267,0
2179,0.654,0.536,0.704,3
2180,0.753,0.038,0.0804,2
2181,0,0.575,0.813,1
2182,0.617,0.0646,0.0349,2
2183,0.344,0.283,0,2
2184,0.198,0.433,0.0706,2
2185,0.794,0.736,0.541,3
2186,0.224,0.704,0.774,1
2187,0.723,0.893,0.312,0
2188,0.0313,0.331,0.53,1
2189,0.812,0.494,0.743,3
2190,0,0.433,0.574,1
2191,0.225,0.228,0.104,2
2192,0.565,0.02,0.509,3
2193,0.0954,0.156,0.923,1
2194,0.0166,0.0963,0.0946,2
2195,0.612,0.109,0.358,3
2196,0.144,0.287,0.643,1
2197,0.368,0,0.813,3
2198,0.514,0.802,0.878,1
2199,0.71,0.565,0.0188,0
2200,0.181,0.372,0.226,2
2201,0.1,0.804,0.491,1
2202,0.421,0.126,0.877,3
2203,0.0474,0.531,0.687,1
2204,0.612,0.455,0.581,3
2205,0.341,0.85,0.341,0
2206,0.31,0.7,0.674,1
2207,0.0823,0.518,0.24,2
2208,0.0317,0.492,0.806,1
2209,0.031,0.803,0.512,1
2210,0.00495,0.663,0.564,1
2211,0.931,0.955,0.34,0
2212,0.585,0.825,0.822,1
2213,0.136,0.37,0.542,1
2214,0.162,0.902,0.553,1
2215,0.092,0.692,0.777,1
2216,0.471,0.178,0.0869,2
2217,0.0138,0.206,0.468,2
2218,0.742,0.86,0.501,0
2219,0.364,0.279,0.198,2
2220,0.695,0.161,0.806,3
2221,0.189,0.744,0.641,1
2222,0.0693,0.0673,0.819,1
2223,0.367,0.304,0.29,2
2224,0.0874,0,0.0138,2
2225,0.0954,0.611,0.418,1
2226,0.0866,0.533,0.0666,2
2227,0.879,0.713,0.141,0
2228,0.38,0.148,0.637,3
2229,0.0351,0.743,0.898,1
2230,0.454,0.757,0.179,0
2231,0.561,0.328,0.00312,0
2232,0.762,0.453,0.531,3
2233,0.3,0.291,0.846,1
2234,0.491,0.309,0.863,3
2235,0.876,0.422,0.961,3
2236,0.393,0.738,0.498,1
2237,0.442,0.714,0.941,1
2238,0.478,0.429,0.381,0
2239,0.514,0.617,0.007,0
2240,0.511,0.86,0.277,0
2241,0.485,0.0957,0.501,3
2242,0.568,0.9,0.29,0
2243,0.508,0.215,0.644,3
2244,0,0.52,0.293,1
2245,0.129,0.0472,0.175,2
2246,0.531,0.492,0.654,3
2247,0.206,0.525,0.626,1
2248,0.696,0.722,0.472,0
2249,0.244,0.402,0.247,2
2250,0.139,0.471,0.291,2
2251,0.449,0.246,0.197,2
2252,0.937,0.524,0.438,3
2253,0.733,0.781,0.405,0
2254,0.479,0.742,0.892,1
2255,0.855,0.329,0.598,3
2256,0.9,0.867,0.589,3
2257,0.256,0.0561,0.0204,2
2258,0.944,0.772,0.0522,0
2259,0.814,0.556,0.94,3
2260,0.68,0.772,0.214,0
2261,0.405,0.077,0.777,3
2262,0.578,0.543,0.311,0
2263,0.926,0.681,0.805,3
2264,0.979,0.861,0.702,3
2265,0.42,0.29,0.641,3
2266,0.932,0.416,0.493,3
2267,0.724,0.791,0.707,3
2268,0.0139,0.667,0.538,1
2269,0.156,0.698,0.79,1
2270,0.767,0.584,0.201,0
2271,0.202,0.243,0.766,1
2272,0.594,0.261,0.156,2
2273,0.189,0.377,0.646,1
2274,0.581,0.534,0.383,0
2275,0.682,0.708,0.254,0
2276,0.282,0.234,0.197,2
2277,0.82,0.853,0.622,3
2278,0.637,0.679,0.234,0
2279,0.768,0.638,0.322,0
2280,0.883,0.755,0.436,0
2281,0,0.641,0.248,1
2282,0.336,0.0236,0.175,2
2283,0.782,0.163,0.804,3
2284,0.0714,0.18,0.406,2
2285,0.00801,0.00379,0.786,1
2286,0.766,0.882,0.0875,0
2287,0.36,0.12,0.567,2
2288,0.0779,0.152,0.385,2
2289,0.76,0.111,0.924,3
2290,0.296,0.259,0.31,2
2291,0.744,0.39,0.439,3
2292,0.928,0.667,0.395,0
2293,0.393,0.563,0.229,0
2294,0.264,0.905,0.527,1
2295,0.282,0.812,0.475,1
2296,0.678,0.79,0.0511,0
2297,0.786,0.411,0.606,3
2298,0.191,0.316,0.799,1
2299,0.895,0.686,0.549,3
2300,0.73,0.175,0.0362,2
2301,0.664,0.86,0.92,3
2302,0.207,0.733,0.295,0
2303,0.758,0.164,0.121,2
2304,0.306,0.813,0.621,1
2305,0.511,0,0.114,2
2306,0.055,0.183,0.752,1
2307,0.199,0.71,0.366,1
2308,0.146,0.672,0.591,1
2309,0.273,0.445,0.149,2
2310,0.974,0.685,0.142,0
2311,0.0721,0.785,0.876,1
2312,0.389,0.384,0.825,1
2313,0.589,0.87,0.857,1
2314,0.24,0.919,0.814,1
2315,0.0416,0.355,0.213,2
2316,0.478,0.0501,0.776,3
2317,0.8,0.663,0.76,3
2318,0.311,0.164,0.182,2
2319,0,0.0247,0.753,1
2320,0.181,0.559,0.656,1
2321,0,0,0.828,1
2322,0.294,0.719,0.82,1
2323,0.896,0.164,0.467,3
2324,0.308,0.352,0.655,1
2325,0.319,0.259,0.37,2
2326,0.00206,0.429,0.913,1
2327,0.297,0.306,0.429,2
2328,0,0.29,0.524,1
2329,0.104,0.378,0.893,1
2330,0.238,0.829,0.228,0
2331,0.0944,0.366,0.811,1
2332,0.934,0.757,0.519,3
2333,0.942,0.354,0.175,0
2334,0.852,0.836,0.0727,0
2335,0.316,0.907,0.0937,0
2336,0.0365,0.581,0.463,1
2337,0.96,0.434,0.834,3
2338,0.0548,0.646,0.277,1
2339,0.37,0.334,0.131,2
2340,0.373,0.833,0.116,0
2341,0.894,0.389,0.316,3
2342,0.0525,0.214,0.698,1
2343,0.762,0.151,0.212,3
2344,0.194,0.305,0.847,1
2345,0,0.452,0.878,1
2346,0.684,0.855,0.679,3
2347,0,0,0.0736,2
2348,0.325,0,0.0432,2
2349,0.182,0.0341,0.26,2
2350,0.708,0.907,0.553,0
2351,0.772,0.107,0.325,3
2352,0.343,0.0567,0.695,3
2353,0.365,0.759,0.81,1
2354,0.524,0.659,0.078,0
2355,0.884,0.641,0.294,0
2356,0.768,0.0865,0.0322,2
2357,0.87,0.457,0.719,3
2358,0.581,0.413,0.351,0
2359,0.484,0.722,0.759,1
2360,0.00472,0.364,0.622,1
2361,0.847,0.509,0.621,3
2362,0.726,0.533,0.0765,0
2363,0.517,0.304,0.676,3
2364,0.752,0.119,0.378,3
2365,0.46,0.549,0.693,1
2366,0.927,0.891,0.34,0
2367,0.426,0.347,0.976,3
2368,0.892,0.633,0.485,3
2369,0.141,0.581,0.242,1
2370,0.907,0.0644,0.865,3
2371,0.126,0.103,0.733,1
2372,0.136,0,0.0263,2
2373,0.895,0.754,0.315,0
2374,0.292,0.882,0.34,0
2375,0.323,0.0167,0.807,3
2376,0.181,0.131,0.635,2
2377,0.456,0.83,0.951,1
2378,0,0.945,0.369,1
2379,0.245,0.345,0.179,2
2380,0.362,0.865,0.741,1
2381,0.172,0.698,0.49,1
2382,0,0.386,0.192,2
2383,0.959,0.576,0.121,0
2384,0.2,0.214,0.978,1
2385,0.886,0.846,0.404,0
2386,0.91,0.186,0.288,3
2387,0.321,0.248,0.653,1
2388,0.388,0.313,0.581,1
2389,0.226,0.3,0.201,2
2390,0.549,0.857,0.585,0
2391,0.379,0.754,0,0
2392,0.528,0.334,0.135,0
2393,0.699,0.169,0.857,3
2394,0,0.205,0.593,1
2395,0.425,0.598,0.0854,0
2396,0.19,0.452,0.758,1
2397,0.0403,0.54,0.585,1
2398,0.179,0.314,0.812,1
2399,0.969,0.243,0.411,3
2400,0.166,0.432,0.448,1
2401,0.231,0.83,0.692,1
2402,0.577,0.652,0.857,3
2403,0.718,0.492,0.812,3
2404,0.9,0.382,0.429,3
2405,0.0758,0.117,0.955,1
2406,0.0422,0.572,0.0713,2
2407,0.888,0.856,0.731,3
2408,0.001,0.929,0.0455,0
2409,0.0787,0.746,0.053,0
2410,0.0799,0.739,0.42,1
2411,0.642,0.104,0.871,3
2412,0.194,0.247,0.251,2
2413,0.161,0.415,0.642,1
2414,0.688,0.258,0.895,3
2415,0.624,0.815,0.813,3
2416,0.000765,0.164,0.114,2
2417,0.0729,0.363,0.0052,2
2418,0.347,0.06,0.956,3
2419,0.627,0.201,0.757,3
2420,0.357,0.363,0.91,1
2421,0.753,0.538,0.0917,0
2422,0,0,0.425,2
2423,0.718,0.587,0.868,3
2424,0.293,0.0194,0.351,2
2425,0.54,0.273,0.49,3
2426,0.794,0.292,0.68,3
2427,0.299,0.449,0.222,2
2428,0.526,0.206,0.72,3
2429,0.401,0.0179,0.895,3
2430,0.459,0.35,0.917,3
2431,0.542,0.611,0.631,3
2432,0.175,0.514,0.91,1
2433,0.117,0.187,0.213,2
2434,0.409,0.603,0.551,1
2435,0.102,0.454,0.911,1
2436,0.61,0.68,0.905,3
2437,0.295,0.234,0.906,1
2438,0.652,0.881,0.754,3
2439,0.134,0.144,0.391,2
2440,0.409,0.692,0.525,1
2441,0.433,0.912,0.271,0
2442,0.768,0.384,0.00901,0
2443,0.187,0.755,0.813,1
2444,0.955,0.0262,0.94,3
2445,0.443,0.864,0.109,0
2446,0.483,0.611,0.705,1
2447,0.382,0.304,0.0688,2
2448,0.179,0.212,0.85,1
2449,0.592,0.305,0.579,3
2450,0.665,0.252,0.749,3
2451,0.727,0.803,0.409,0
2452,0.233,0.967,0.691,1
2453,0.02,0.564,0.768,1
2454,0.499,0.396,0.932,3
2455,0.348,0.411,0.712,1
2456,0.505,0.649,0.719,1
2457,0.444,0.812,0.581,1
2458,0.75,0.249,0,0
2459,0.465,0.71,0.773,1
2460,0.967,0.315,0.272,3
2461,0.0378,0.488,0.359,1
2462,0.897,0.118,0.398,3
2463,0.166,0.164,0.716,1
2464,0.764,0.556,0.103,0
2465,0.636,0.788,0.182,0
2466,0.0325,0.926,0.214,0
2467,0.214,0.496,0.402,1
2468,0.738,0.469,0.176,0
2469,0.912,0.314,0.908,3
2470,0.151,0.619,0.634,1
2471,0.399,0.0747,0.307,2
2472,0.251,0.704,0.404,1
2473,0.957,0.578,0.597,3
2474,0.249,0.0491,0.765,1
2475,0.577,0.502,0.162,0
2476,0.886,0.789,0.405,0
2477,0.931,0.0558,0.211,3
2478,0.47,0.868,0.716,1
2479,0.069,0.109,0.158,2
2480,0.665,0.87,0.26,0
2481,0.429,0.89,0.731,1
2482,0.894,0.384,0.919,3
2483,0.623,0.405,0.416,3
2484,0.679,0.0547,0.618,3
2485,0.945,0.845,0.616,3
2486,0.953,0.282,0.0343,0
2487,0.832,0.691,0.168,0
2488,0.235,0.43,0.924,1
2489,0.545,0.807,0.116,0
2490,0.183,0.85,0.435,1
2491,0.688,0.538,0.529,3
2492,0.605,0.58,0.753,3
2493,0.577,0.375,0.104,0
2494,0.686,0.616,0.939,3
2495,0.247,0.855,0.635,1
2496,0.000709,0.261,0.742,1
2497,0.099,0.0678,0.838,1
2498,0.802,0.345,0.0286,0
2499,0.342,0.968,0.903,1
